{"ANAUSD":{"c":[54.9,54.98,57.21,57.42,56.43,55.51,56.48,58.18,57.09,56.05,56.63,57.21,57.21,57.65,58.27,58.46,58.72,58.66,58.94,59.08,60.21,60.62,59.46,59.16,58.64,59.17,60.65,60.06,59.45,60.3,58.16,58.09,58.08,57.68,58.27,58.85,57.25,57.09,57.08,55.95,55.65,55.86,55.07,54.92,53.05,54.44,55.15,55.27,56.22,56.02,56.22,56.36,56.72,58.38,57.05,57.6,58.02,58.03,58.1,57.08,56.83,57.09,56.99,57.76,57.07,56.4,55.07,53.28,54,55.06,54.55,54.04,54.14,53.79,53.57,53.95,54.05,54.42,54.48,54.03,55.16,55.44,55.76,56.15,56.92,56.78,56.64,56.72,56.92,56.96,56.24,56.08,55.68,56.3,56.53,57.58,57.43,57.66,57.95,58.39,58.07,57.5,57.67,58.29,59.76,60.08,60.63,60.88,59.08,59.13,59.09,58.53,58.87,58.99,59.09,59.13,58.4,58.61,58.56,58.74,58.71,58.79,57.78,58.04,58.37,57.15,57.08,55.85,56.58,56.84,57.19,56.52,56.99,57.24,56.91,56.63,56.38,56.48,56.91,56.75,0.00903,0.00904,0.00908],"l":[54.52,54.61,56.09,56.41,56.17,55.19,55.72,56.92,56.76,55.55,55.92,56.51,56.65,57.03,57.66,57.94,58.54,58.32,58.41,58.45,58.91,60.18,59.17,58.88,58.29,58.31,59.18,59.64,59.26,59.48,57.69,57.96,57.16,57.34,56.87,58.63,57.23,56.81,56.75,55.53,55.31,55.5,54.26,54.24,52.94,52.4,53.35,54.9,55.07,55.28,56.06,55.95,56.55,57.05,56.85,56.87,57.42,57.67,57.58,57,56.21,56.84,56.4,56.93,56.5,56.23,54.8,52.97,52.28,53.53,54.47,53.67,53.61,53.68,53.02,53.3,53.86,54.19,54.28,53.95,54.32,54.82,55.24,55.46,56.4,56.55,56.46,56.35,56.72,56.35,55.66,55.51,55.45,55.72,56,56.75,57.36,57.34,57.51,57.93,57.56,57.31,57.11,57.57,58.13,59.53,60.17,60.48,58.44,58.32,58.79,58.34,58.41,58.77,58.82,58.72,58.04,58.36,58.2,58.52,58.59,58.66,57.64,57.28,57.89,56.3,56.73,55.75,55.83,56.71,56.76,56.52,56.68,56.87,56.74,56.33,56.25,55.93,56.26,56.66,0.00902,0.00903,0.00905],"h":[55.5,55.27,57.47,58.44,57.63,56.62,57.15,58.8,58.32,57.28,57.08,57.45,57.35,57.78,58.44,59.2,59.4,59.14,59.32,59.09,60.39,61.32,61.58,59.9,59,59.51,60.7,60.73,59.79,60.37,59.75,59.4,58.64,58.43,58.37,59.4,58.19,57.5,57.5,57.31,56.69,56.92,56.01,56.53,55.04,54.47,55.17,55.86,56.23,56.16,56.99,56.89,57.26,58.69,57.72,57.7,58.26,58.15,58.29,57.93,57.4,57.47,57.39,57.87,57.65,57.47,56.22,54.3,54.02,55.19,55.3,54.69,54.34,54.37,53.73,53.96,54.37,54.77,54.77,54.52,55.19,55.66,55.91,56.72,57.13,57.27,57.09,56.73,57.61,57.15,57.34,56.17,56.42,56.4,56.68,57.62,58.11,57.74,58.09,58.51,58.32,58.2,58.05,58.49,60,60.19,60.69,61.19,60.89,59.27,59.41,59.23,59.07,59.1,59.09,59.13,58.56,58.7,58.73,58.79,58.95,58.98,58.46,58.2,58.49,57.72,57.57,56.9,56.81,57.17,57.45,57.3,58.23,57.36,57.09,56.81,56.7,56.56,57.04,57.34,0.00903,0.00904,0.00908],"o":[54.62,55.08,56.09,57,57.46,56.26,55.81,56.92,58.32,56.98,56.34,56.51,57.02,57.55,57.7,58.32,58.84,59.09,59.13,58.85,59.06,60.25,61.03,59.26,58.86,58.64,59.21,60.7,59.42,59.57,59.5,58.1,58.18,57.91,57.8,58.77,57.79,57,56.95,57.06,55.94,55.72,55.92,54.84,54.68,53.23,54.31,55.37,55.53,56.16,56.3,56.49,56.76,57.27,57.68,57.29,57.84,57.83,57.74,57.93,57.16,56.92,57.23,56.98,57.61,57.18,56.12,53.62,53.1,54.05,55.21,54.6,54.1,54.11,53.61,53.36,54.13,54.45,54.35,54.38,54.48,55.06,55.37,55.55,56.43,57,56.82,56.55,56.74,57.02,57.15,56.09,56.19,55.76,56.36,56.76,57.63,57.37,57.71,58.04,58.27,58.1,57.51,57.58,58.16,59.63,60.3,60.56,60.88,59.2,59.39,59.22,58.78,58.84,59.02,59.02,58.37,58.4,58.65,58.75,58.91,58.79,58.4,57.51,58.14,57.62,57.34,56.82,56.06,56.75,56.99,57.23,56.81,57.15,56.83,56.69,56.66,56.12,56.49,56.72,0.00902,0.00903,0.00905],"t":[1539907200,1540166400,1540252800,1540339200,1540425600,1540512000,1540771200,1540857600,1540944000,1541030400,1541116800,1541376000,1541462400,1541548800,1541635200,1541721600,1541980800,1542067200,1542153600,1542240000,1542326400,1542585600,1542672000,1542758400,1542931200,1543190400,1543276800,1543363200,1543449600,1543536000,1543795200,1543881600,1544054400,1544140800,1544400000,1544486400,1544572800,1544659200,1544745600,1545004800,1545091200,1545177600,1545264000,1545350400,1545609600,1545782400,1545868800,1545955200,1546214400,1546387200,1546473600,1546560000,1546819200,1546905600,1546992000,1547078400,1547164800,1547424000,1547510400,1547596800,1547683200,1547769600,1548115200,1548201600,1548288000,1548374400,1548633600,1548720000,1548806400,1548892800,1548979200,1549238400,1549324800,1549411200,1549497600,1549584000,1549843200,1549929600,1550016000,1550102400,1550188800,1550534400,1550620800,1550707200,1550793600,1551052800,1551139200,1551225600,1551312000,1551398400,1551657600,1551744000,1551830400,1551916800,1552003200,1552262400,1552348800,1552435200,1552521600,1552608000,1552867200,1552953600,1553040000,1553126400,1553212800,1553472000,1553558400,1553644800,1553731200,1553817600,1554076800,1554163200,1554249600,1554336000,1554422400,1554681600,1554768000,1554854400,1554940800,1555027200,1555286400,1555372800,1555459200,1555545600,1555891200,1555977600,1556064000,1556150400,1556236800,1556496000,1556582400,1556668800,1556755200,1556841600,1557100800,1557187200,1557273600,1557360000,1557446400,1557705600,1653999893.98,1654000599.894,1654059742.92],"v":[736,721,720,210,26,112,88,717,210,479,190,55,680,144,228,70,751,704,208,277,722,431,924,771,706,891,250,905,628,217,512,759,209,253,233,179,218,189,1,796,326,282,728,915,400,915,806,380,932,241,429,585,126,840,482,514,595,802,744,705,986,556,245,645,65,268,65,259,455,335,450,246,856,430,138,499,730,431,988,262,963,100,240,769,315,937,206,520,711,632,745,617,76,916,860,546,898,56,786,912,53,992,743,635,75,889,274,211,674,751,307,26,190,36,331,368,167,504,971,958,237,735,632,633,376,23,111,989,180,487,882,998,230,524,618,627,734,529,992,146,21636.33,14478.59,28923.089999999997],"s":"ok"},"ANAINR":{"c":[54.9,54.98,57.21,57.42,56.43,55.51,56.48,58.18,57.09,56.05,56.63,57.21,57.21,57.65,58.27,58.46,58.72,58.66,58.94,59.08,60.21,60.62,59.46,59.16,58.64,59.17,60.65,60.06,59.45,60.3,58.16,58.09,58.08,57.68,58.27,58.85,57.25,57.09,57.08,55.95,55.65,55.86,55.07,54.92,53.05,54.44,55.15,55.27,56.22,56.02,56.22,56.36,56.72,58.38,57.05,57.6,58.02,58.03,58.1,57.08,56.83,57.09,56.99,57.76,57.07,56.4,55.07,53.28,54,55.06,54.55,54.04,54.14,53.79,53.57,53.95,54.05,54.42,54.48,54.03,55.16,55.44,55.76,56.15,56.92,56.78,56.64,56.72,56.92,56.96,56.24,56.08,55.68,56.3,56.53,57.58,57.43,57.66,57.95,58.39,58.07,57.5,57.67,58.29,59.76,60.08,60.63,60.88,59.08,59.13,59.09,58.53,58.87,58.99,59.09,59.13,58.4,58.61,58.56,58.74,58.71,58.79,57.78,58.04,58.37,57.15,57.08,55.85,56.58,56.84,57.19,56.52,56.99,57.24,56.91,56.63,56.38,56.48,56.91,56.75,0.70085,0.7016,0.7034],"l":[54.52,54.61,56.09,56.41,56.17,55.19,55.72,56.92,56.76,55.55,55.92,56.51,56.65,57.03,57.66,57.94,58.54,58.32,58.41,58.45,58.91,60.18,59.17,58.88,58.29,58.31,59.18,59.64,59.26,59.48,57.69,57.96,57.16,57.34,56.87,58.63,57.23,56.81,56.75,55.53,55.31,55.5,54.26,54.24,52.94,52.4,53.35,54.9,55.07,55.28,56.06,55.95,56.55,57.05,56.85,56.87,57.42,57.67,57.58,57,56.21,56.84,56.4,56.93,56.5,56.23,54.8,52.97,52.28,53.53,54.47,53.67,53.61,53.68,53.02,53.3,53.86,54.19,54.28,53.95,54.32,54.82,55.24,55.46,56.4,56.55,56.46,56.35,56.72,56.35,55.66,55.51,55.45,55.72,56,56.75,57.36,57.34,57.51,57.93,57.56,57.31,57.11,57.57,58.13,59.53,60.17,60.48,58.44,58.32,58.79,58.34,58.41,58.77,58.82,58.72,58.04,58.36,58.2,58.52,58.59,58.66,57.64,57.28,57.89,56.3,56.73,55.75,55.83,56.71,56.76,56.52,56.68,56.87,56.74,56.33,56.25,55.93,56.26,56.66,0.69905,0.7012,0.70195],