{"ANAUSD":{"c":[0,0,0,0,0,0,0,0,0,0,0,0,0,0,0,0,0,0,0,0,0,0,0,0,0,0,0,0,0,0,0,0,0,0,0,0,0,0,0,0,0,0,0,0,0,0,0,0,0,0,0,0,0,0,0,0,0,0,0,0,0,0,0,0,0,0,0,0,0,0,0,0,0,0,0,0,0,0,0,0,0,0,0,0,0,0,0,0,0,0,0,0,0,0,0,0,0,0,0,0,0,0,0,0,0,0,0,0,0,0,0,0,0,0,0,0,0,0,0,0,0,0,0,0,0,0,0,0,0,0,0,0,0,0,0,0,0,0,0,0,0.00903,0.00904,0.00908,0.00914,0.0091698,0.0091907,0.00926,0.00926,0.00927,0.00928,0.00931,0.00933,0.00937,0.00945,0.00948],"l":[0,0,0,0,0,0,0,0,0,0,0,0,0,0,0,0,0,0,0,0,0,0,0,0,0,0,0,0,0,0,0,0,0,0,0,0,0,0,0,0,0,0,0,0,0,0,0,0,0,0,0,0,0,0,0,0,0,0,0,0,0,0,0,0,0,0,0,0,0,0,0,0,0,0,0,0,0,0,0,0,0,0,0,0,0,0,0,0,0,0,0,0,0,0,0,0,0,0,0,0,0,0,0,0,0,0,0,0,0,0,0,0,0,0,0,0,0,0,0,0,0,0,0,0,0,0,0,0,0,0,0,0,0,0,0,0,0,0,0,0,0.00902,0.00903,0.00905,0.00913,0.00914,0.0091747,0.009209,0.00926,0.00927,0.00927,0.00931,0.00932,0.00937,0.00945,0.00948],"h":[0,0,0,0,0,0,0,0,0,0,0,0,0,0,0,0,0,0,0,0,0,0,0,0,0,0,0,0,0,0,0,0,0,0,0,0,0,0,0,0,0,0,0,0,0,0,0,0,0,0,0,0,0,0,0,0,0,0,0,0,0,0,0,0,0,0,0,0,0,0,0,0,0,0,0,0,0,0,0,0,0,0,0,0,0,0,0,0,0,0,0,0,0,0,0,0,0,0,0,0,0,0,0,0,0,0,0,0,0,0,0,0,0,0,0,0,0,0,0,0,0,0,0,0,0,0,0,0,0,0,0,0,0,0,0,0,0,0,0,0,0.00903,0.00904,0.00908,0.00914,0.0091698,0.0091907,0.00926,0.00926,0.00927,0.00928,0.00931,0.00933,0.00937,0.00945,0.00948],"o":[0,0,0,0,0,0,0,0,0,0,0,0,0,0,0,0,0,0,0,0,0,0,0,0,0,0,0,0,0,0,0,0,0,0,0,0,0,0,0,0,0,0,0,0,0,0,0,0,0,0,0,0,0,0,0,0,0,0,0,0,0,0,0,0,0,0,0,0,0,0,0,0,0,0,0,0,0,0,0,0,0,0,0,0,0,0,0,0,0,0,0,0,0,0,0,0,0,0,0,0,0,0,0,0,0,0,0,0,0,0,0,0,0,0,0,0,0,0,0,0,0,0,0,0,0,0,0,0,0,0,0,0,0,0,0,0,0,0,0,0,0.00902,0.00903,0.00905,0.00913,0.00914,0.0091747,0.009209,0.00926,0.00927,0.00927,0.00931,0.00932,0.00937,0.00945,0.00948],"t":[1539907200,1540166400,1540252800,1540339200,1540425600,1540512000,1540771200,1540857600,1540944000,1541030400,1541116800,1541376000,1541462400,1541548800,1541635200,1541721600,1541980800,1542067200,1542153600,1542240000,1542326400,1542585600,1542672000,1542758400,1542931200,1543190400,1543276800,1543363200,1543449600,1543536000,1543795200,1543881600,1544054400,1544140800,1544400000,1544486400,1544572800,1544659200,1544745600,1545004800,1545091200,1545177600,1545264000,1545350400,1545609600,1545782400,1545868800,1545955200,1546214400,1546387200,1546473600,1546560000,1546819200,1546905600,1546992000,1547078400,1547164800,1547424000,1547510400,1547596800,1547683200,1547769600,1548115200,1548201600,1548288000,1548374400,1548633600,1548720000,1548806400,1548892800,1548979200,1549238400,1549324800,1549411200,1549497600,1549584000,1549843200,1549929600,1550016000,1550102400,1550188800,1550534400,1550620800,1550707200,1550793600,1551052800,1551139200,1551225600,1551312000,1551398400,1551657600,1551744000,1551830400,1551916800,1552003200,1552262400,1552348800,1552435200,1552521600,1552608000,1552867200,1552953600,1553040000,1553126400,1553212800,1553472000,1553558400,1553644800,1553731200,1553817600,1554076800,1554163200,1554249600,1554336000,1554422400,1554681600,1554768000,1554854400,1554940800,1555027200,1555286400,1555372800,1555459200,1555545600,1555891200,1555977600,1556064000,1556150400,1556236800,1556496000,1556582400,1556668800,1556755200,1556841600,1557100800,1557187200,1557273600,1557360000,1557446400,1557705600,1654000599.894,1654059742.92,1654064760.434,1654068402.401,1654071098.132,1654075417.063,1654076428.761,1654079716.001,1654084959.925,1654146931.728,1654150632.725,1654159238.509,1654172483.471,1654235733.765],"v":[10,10,10,10,10,10,10,10,10,10,10,10,10,10,10,10,10,10,10,10,10,10,10,10,10,10,10,10,10,10,10,10,10,10,10,10,10,10,10,10,10,10,10,10,10,10,10,10,10,10,10,10,10,10,10,10,10,10,10,10,10,10,10,10,10,10,10,10,10,10,10,10,10,10,10,10,10,10,10,10,10,10,10,10,10,10,10,10,10,10,10,10,10,10,10,10,10,10,10,10,10,10,10,10,10,10,10,10,10,10,10,10,10,10,10,10,10,10,10,10,10,10,10,10,10,10,10,10,10,10,10,10,10,10,10,10,10,10,10,10,21636.33,14478.59,28923.089999999997,14348.77,50113.560000000005,35692.11,78196.02,7079.6,7072.7,21200.79,7031.17,20967.230000000003,6884.64,7460.3,1036084.33],"s":"ok"},"ANAINR":{"c":[0,0,0,0,0,0,0,0,0,0,0,0,0,0,0,0,0,0,0,0,0,0,0,0,0,0,0,0,0,0,0,0,0,0,0,0,0,0,0,0,0,0,0,0,0,0,0,0,0,0,0,0,0,0,0,0,0,0,0,0,0,0,0,0,0,0,0,0,0,0,0,0,0,0,0,0,0,0,0,0,0,0,0,0,0,0,0,0,0,0,0,0,0,0,0,0,0,0,0,0,0,0,0,0,0,0,0,0,0,0,0,0,0,0,0,0,0,0,0,0,0,0,0,0,0,0,0,0,0,0,0,0,0,0,0,0,0,0,0,0,0.70085,0.7016,0.7034,0.7079,0.7104,0.7122,0.7172,0.71755,0.7179,0.71895,0.72215,0.7232,0.7264,0.73255,0.73525],"l":[0,0,0,0,0,0,0,0,0,0,0,0,0,0,0,0,0,0,0,0,0,0,0,0,0,0,0,0,0,0,0,0,0,0,0,0,0,0,0,0,0,0,0,0,0,0,0,0,0,0,0,0,0,0,0,0,0,0,0,0,0,0,0,0,0,0,0,0,0,0,0,0,0,0,0,0,0,0,0,0,0,0,0,0,0,0,0,0,0,0,0,0,0,0,0,0,0,0,0,0,0,0,0,0,0,0,0,0,0,0,0,0,0,0,0,0,0,0,0,0,0,0,0,0,0,0,0,0,0,0,0,0,0,0,0,0,0,0,0,0,0.69905,0.7012,0.70195,0.70755,0.70825,0.7108,0.71365,0.71755,0.7179,0.71825,0.72215,0.7225,0.7264,0.73255,0.73525],"h":[0,0,0,0,0,0,0,0,0,0,0,0,0,0,0,0,0,0,0,0,0,0,0,0,0,0,0,0,0,0,0,0,0,0,0,0,0,0,0,0,0,0,0,0,0,0,0,0,0,0,0,0,0,0,0,0,0,0,0,0,0,0,0,0,0,0,0,0,0,0,0,0,0,0,0,0,0,0,0,0,0,0,0,0,0,0,0,0,0,0,0,0,0,0,0,0,0,0,0,0,0,0,0,0,0,0,0,0,0,0,0,0,0,0,0,0,0,0,0,0,0,0,0,0,0,0,0,0,0,0,0,0,0,0,0,0,0,0,0,0,0.70085,0.7016,0.7034,0.7079,0.7104,0.7122,0.7172,0.71755,0.7179,0.71895,0.72215,0.7232,0.7264,0.73255,0.73525],"o":[0,0,0,0,0,0,0,0,0,0,0,0,0,0,0,0,0,0,0,0,0,0,0,0,0,0,0,0,0,0,0,0,0,0,0,0,0,0,0,0,0,0,0,0,0,0,0,0,0,0,0,0,0,0,0,0,0,0,0,0,0,0,0,0,0,0,0,0,0,0,0,0,0,0,0,0,0,0,0,0,0,0,0,0,0,0,0,0,0,0,0,0,0,0,0,0,0,0,0,0,0,0,0,0,0,0,0,0,0,0,0,0,0,0,0,0,0,0,0,0,0,0,0,0,0,0,0,0,0,0,0,0,0,0,0,0,0,0,0,0,0.69905,0.7012,0.70195,0.70755,0.70825,0.7108,0.71365,0.71755,0.7179,0.71825,0.72215,0.7225,0.7264,0.73255,0.73525],"t":[1539907200,1540166400,1540252800,1540339200,1540425600,1540512000,1540771200,1540857600,1540944000,1541030400,1541116800,1541376000,1541462400,1541548800,1541635200,1541721600,1541980800,1542067200,1542153600,1542240000,1542326400,1542585600,1542672000,1542758400,1542931200,1543190400,1543276800,1543363200,1543449600,1543536000,1543795200,1543881600,1544054400,1544140800,1544400000,1544486400,1544572800,1544659200,1544745600,1545004800,1545091200,1545177600,1545264000,1545350400,1545609600,1545782400,1545868800,1545955200,1546214400,1546387200,1546473600,1546560000,1546819200,1546905600,1546992000,1547078400,1547164800,1547424000,1547510400,1547596800,1547683200,1547769600,1548115200,1548201600,1548288000,1548374400,1548633600,1548720000,1548806400,1548892800,1548979200,1549238400,1549324800,1549411200,1549497600,1549584000,1549843200,1549929600,1550016000,1550102400,1550188800,1550534400,1550620800,1550707200,1550793600,1551052800,1551139200,1551225600,1551312000,1551398400,1551657600,1551744000,1551830400,1551916800,1552003200,1552262400,1552348800,1552435200,1552521600,1552608000,1552867200,1552953600,1553040000,1553126400,1553212800,1553472000,1553558400,1553644800,1553731200,1553817600,1554076800,1554163200,1554249600,1554336000,1554422400,1554681600,1554768000,1554854400,1554940800,1555027200,1555286400,1555372800,1555459200,1555545600,1555891200,1555977600,1556064000,1556150400,1556236800,1556496000,1556582400,1556668800,1556755200,1556841600,1557100800,1557187200,1557273600,1557360000,1557446400,1557705600,1654000599.895,1654059742.92,1654064760.434,1654068402.401,1654071098.132,1654075417.063,1654076428.762,1654079716.002,1654084959.925,1654146931.729,1654150632.725,1654159238.509,1654172483.471,1654235733.765],"v":[10,10,10,10,10,10,10,10,10,10,10,10,10,10,10,10,10,10,10,10,10,10,10,10,10,10,10,10,10,10,10,10,10,10,10,10,10,10,10,10,10,10,10,10,10,10,10,10,10,10,10,10,10,10,10,10,10,10,10,10,10,10,10,10,10,10,10,10,10,10,10,10,10,10,10,10,10,10,10,10,10,10,10,10,10,10,10,10,10,10,10,10,10,10,10,10,10,10,10,10,10,10,10,10,10,10,10,10,10,10,10,10,10,10,10,10,10,10,10,10,10,10,10,10,10,10,10,10,10,10,10,10,10,10,10,10,10,10,10,10,43087.06,14478.59,28923.089999999997,14348.77,50113.560000000005,35692.11,78196.02,7079.6,7072.7,21200.79,7031.17,20967.230000000003,6884.64,7460.3,1036084.33],"s":"ok"}}