{"ANAUSDT":{"o":[0.5036,0.5041,0.5082,0.5091,0.5121,0.51295,0.51645,0.51655,0.5196,0.51975,0.52205,0.5227,0.52535,0.52575,0.528,0.5281,0.53185,0.5321,0.5355,0.53605,0.53965,0.5403,0.5425,0.54285,0.54445,0.5448500000000001,0.54615,0.54675,0.54965,0.54995,0.5521,0.553,0.5555,0.55575,0.5588,0.55945,0.56135,0.56135,0.56385,0.5639,0.5659,0.5665,0.57025,0.5705,0.5735,0.57395,0.5786,0.57875,0.58345,0.5843,0.5882000000000001,0.58915,0.5935,0.594,0.59785,0.5988,0.602,0.6024,0.60625,0.6065,0.61005,0.61085,0.61595,0.61635,0.62075,0.6214999999999999,0.6256,0.6265499999999999,0.63135,0.63235,0.6385,0.63905,0.6443,0.6445,0.64955,0.65005,0.65635,0.657,0.6617999999999999,0.66245,0.66915,0.6695,0.6751,0.67545,0.68065,0.6812,0.6851,0.6858,0.6908,0.6908,0.69475,0.69565,0.6999500000000001,0.70075,0.70625,0.7072,0.7107,0.71115,0.71595,0.716,0.72075,0.72085,0.7253499999999999,0.72545,0.7307,0.7316,0.73665,0.7375499999999999,0.74295,0.7438,0.7476,0.7476,0.75325,0.7539,0.75895,0.7592000000000001,0.76355,0.7639,0.7699,0.77015,0.7733,0.774,0.7784,0.7791,0.7819,0.78215,0.78625,0.78685,0.79225,0.7928,0.79785,0.7979,0.8016,0.80245,0.80755,0.8082,0.8141,0.81445,0.8199,0.8206,0.82555,0.8262499999999999,0.8307,0.8314,0.83595,0.8361000000000001,0.8402499999999999,0.8411,0.84545,0.84605,0.85005,0.8506499999999999,0.8551500000000001,0.8557,0.8599,0.8606,0.8654999999999999,0.8656,0.8695,0.8695999999999999,0.8745499999999999,0.875,0.8785000000000001,0.8791,0.8840999999999999,0.88475,0.8906499999999999,0.89075,0.8957999999999999,0.896,0.90125,0.9015500000000001,0.9061,0.907,0.9115500000000001,0.91205,0.9167000000000001,0.91745,0.9213,0.9218999999999999,0.9257,0.92625,0.9302,0.93025,0.9340999999999999,0.93445,0.9379500000000001,0.9385,0.9418,0.9421999999999999,0.9484,0.9493,0.9539,0.95415,0.95865,0.959,0.96305,0.9631000000000001,0.96765,0.96815,0.9713,0.97205,0.9778499999999999,0.97805,0.9834,0.9842,0.9877499999999999,0.9882,0.99115,0.9916,0.99585,0.99675,0.99975,0.99985],"h":[0.5036,0.5071,0.5082,0.51175,0.5121,0.5159,0.51645,0.51935,0.5196,0.52165,0.52205,0.5245,0.52535,0.5278,0.528,0.53085,0.53185,0.5347500000000001,0.5355,0.53815,0.53965,0.5414,0.5425,0.544,0.54445,0.5459,0.54615,0.5491,0.54965,0.55145,0.5521,0.555,0.5555,0.5582,0.5588,0.5606,0.56135,0.56325,0.56385,0.5656,0.5659,0.5701499999999999,0.57025,0.57345,0.5735,0.5778,0.5786,0.5834,0.58345,0.58785,0.5882000000000001,0.5927,0.5935,0.59765,0.59785,0.602,0.602,0.60535,0.60625,0.6093999999999999,0.61005,0.6159,0.61595,0.61985,0.62075,0.6247,0.6256,0.63105,0.63135,0.63775,0.6385,0.6436,0.6443,0.6487499999999999,0.64955,0.6555,0.65635,0.6611,0.6617999999999999,0.6685,0.66915,0.67495,0.6751,0.68055,0.68065,0.6847,0.6851,0.69015,0.6908,0.6938500000000001,0.69475,0.69965,0.6999500000000001,0.70555,0.70625,0.7103,0.7107,0.7154,0.71595,0.7202,0.72075,0.72465,0.7253499999999999,0.72975,0.7307,0.73625,0.73665,0.74275,0.74295,0.7472,0.7476,0.7523500000000001,0.75325,0.75815,0.75895,0.76345,0.76355,0.7694000000000001,0.7699,0.7727999999999999,0.7733,0.7782,0.7784,0.7813,0.7819,0.7859499999999999,0.78625,0.7918499999999999,0.79225,0.7971999999999999,0.79785,0.80145,0.8016,0.8066,0.80755,0.8132999999999999,0.8141,0.8196,0.8199,0.8246500000000001,0.82555,0.8303499999999999,0.8307,0.8353999999999999,0.83595,0.84005,0.8402499999999999,0.8451500000000001,0.84545,0.84995,0.85005,0.8546,0.8551500000000001,0.85985,0.8599,0.86495,0.8654999999999999,0.8688,0.8695,0.87375,0.8745499999999999,0.8781000000000001,0.8785000000000001,0.8833,0.8840999999999999,0.88995,0.8906499999999999,0.89525,0.8957999999999999,0.9005,0.90125,0.90575,0.9061,0.9109499999999999,0.9115500000000001,0.9161999999999999,0.9167000000000001,0.9209,0.9213,0.92555,0.9257,0.9296500000000001,0.9302,0.9339999999999999,0.9340999999999999,0.93785,0.9379500000000001,0.9417,0.9418,0.9474499999999999,0.9484,0.9533,0.9539,0.9579,0.95865,0.9621999999999999,0.96305,0.9668,0.96765,0.97085,0.9713,0.9771000000000001,0.9778499999999999,0.9827,0.9834,0.9870000000000001,0.9877499999999999,0.9911,0.99115,0.99515,0.99585,0.9994,0.99975,1],"l":[0.5036,0.5041,0.5082,0.5091,0.5121,0.51295,0.51645,0.51655,0.5196,0.51975,0.52205,0.5227,0.52535,0.52575,0.528,0.5281,0.53185,0.5321,0.5355,0.53605,0.53965,0.5403,0.5425,0.54285,0.54445,0.5448500000000001,0.54615,0.54675,0.54965,0.54995,0.5521,0.553,0.5555,0.55575,0.5588,0.55945,0.56135,0.56135,0.56385,0.5639,0.5659,0.5665,0.57025,0.5705,0.5735,0.57395,0.5786,0.57875,0.58345,0.5843,0.5882000000000001,0.58915,0.5935,0.594,0.59785,0.5988,0.602,0.6024,0.60625,0.6065,0.61005,0.61085,0.61595,0.61635,0.62075,0.6214999999999999,0.6256,0.6265499999999999,0.63135,0.63235,0.6385,0.63905,0.6443,0.6445,0.64955,0.65005,0.65635,0.657,0.6617999999999999,0.66245,0.66915,0.6695,0.6751,0.67545,0.68065,0.6812,0.6851,0.6858,0.6908,0.6908,0.69475,0.69565,0.6999500000000001,0.70075,0.70625,0.7072,0.7107,0.71115,0.71595,0.716,0.72075,0.72085,0.7253499999999999,0.72545,0.7307,0.7316,0.73665,0.7375499999999999,0.74295,0.7438,0.7476,0.7476,0.75325,0.7539,0.75895,0.7592000000000001,0.76355,0.7639,0.7699,0.77015,0.7733,0.774,0.7784,0.7791,0.7819,0.78215,0.78625,0.78685,0.79225,0.7928,0.79785,0.7979,0.8016,0.80245,0.80755,0.8082,0.8141,0.81445,0.8199,0.8206,0.82555,0.8262499999999999,0.8307,0.8314,0.83595,0.8361000000000001,0.8402499999999999,0.8411,0.84545,0.84605,0.85005,0.8506499999999999,0.8551500000000001,0.8557,0.8599,0.8606,0.8654999999999999,0.8656,0.8695,0.8695999999999999,0.8745499999999999,0.875,0.8785000000000001,0.8791,0.8840999999999999,0.88475,0.8906499999999999,0.89075,0.8957999999999999,0.896,0.90125,0.9015500000000001,0.9061,0.907,0.9115500000000001,0.91205,0.9167000000000001,0.91745,0.9213,0.9218999999999999,0.9257,0.92625,0.9302,0.93025,0.9340999999999999,0.93445,0.9379500000000001,0.9385,0.9418,0.9421999999999999,0.9484,0.9493,0.9539,0.95415,0.95865,0.959,0.96305,0.9631000000000001,0.96765,0.96815,0.9713,0.97205,0.9778499999999999,0.97805,0.9834,0.9842,0.9877499999999999,0.9882,0.99115,0.9916,0.99585,0.99675,0.99975,0.99985],